"Label","EmailText"
"Label_3213296578310637908","I’ve relayed your email to classmates needing extra guidance."
"Label_8690269491316058283","Is it acceptable to forward your email to those seeking academic advice?"
"Label_3213296578310637908","I’ve transmitted your email to peers who are struggling with their schedules."
"Label_8690269491316058283","Can I propagate your email to friends who need timetable assistance?"
"Label_3213296578310637908","Your email has been communicated to students requiring help with their schedules."
"Label_8690269491316058283","Is it alright to disseminate your email to those in need of academic guidance?"
"Label_3213296578310637908","I’ve conveyed your email to a group of students needing urgent advice."
"Label_8690269491316058283","May I distribute your email to those seeking help with their timetables?"
"Label_3213296578310637908","Your contact has been passed to students who are facing academic challenges."
"Label_8690269491316058283","Is it fine to share your email with peers who require guidance?"
"Label_3213296578310637908","I’ve forwarded your email to classmates who needed assistance with scheduling."
"Label_8690269491316058283","Can I circulate your email to those who need help with their academic schedules?"
"Label_3213296578310637908","Your email has been shared with a group of students seeking academic advice."
"Label_8690269491316058283","Is it permissible to forward your email to classmates needing guidance?"
"Label_3213296578310637908","I’ve disseminated your contact to students who required help with their timetables."
"Label_8690269491316058283","May I share your email with peers who are facing scheduling conflicts?"
"Label_3213296578310637908","Your contact has been circulated among students who needed academic assistance."
"Label_8690269491316058283","Is it alright to share your email with those who require academic advice?"
"Label_3213296578310637908","I’ve passed on your email to classmates who are struggling with their schedules."
"Label_8690269491316058283","Can I distribute your email to friends who need help with scheduling?"
"Label_3213296578310637908","Your email has been communicated to peers who required urgent academic guidance."
"Label_8690269491316058283","Is it fine to propagate your email to those who need academic assistance?"
"Label_3213296578310637908","I’ve conveyed your contact to students who are facing challenges with their timetables."
"Label_8690269491316058283","May I circulate your email to classmates who require guidance?"
"Label_3213296578310637908","Your email has been shared with a group who needed help with their academic schedules."
"Label_8690269491316058283","Is it permissible to share your email with those who are seeking academic advice?"
"Label_3213296578310637908","I’ve relayed your contact to peers who needed assistance with their schedules."
"Label_8690269491316058283","Can I share your email with students who require help with scheduling?"
"Label_3213296578310637908","Your contact has been transmitted to classmates who are struggling academically."
"Label_8690269491316058283","Is it alright to disseminate your email to those who need academic guidance?"
"Label_3213296578310637908","I’ve forwarded your email to students who required help with their timetables."
"Label_8690269491316058283","May I distribute your contact to those who are seeking academic assistance?"
"Label_3213296578310637908","Your email has been communicated to peers who needed urgent advice."
"Label_8690269491316058283","Is it fine to share your contact with classmates who need guidance?"
"Label_3213296578310637908","I’ve conveyed your email to a group who are facing scheduling conflicts."
"Label_8690269491316058283","Can I circulate your contact to friends who require academic advice?"
"Label_3213296578310637908","Your contact has been passed to students who needed assistance with their schedules."
"Label_8690269491316058283","Is it permissible to propagate your email to those who need help?"
"Label_3213296578310637908","I’ve disseminated your email to classmates who are struggling with academic issues."
"Label_8690269491316058283","May I share your email with peers who are facing challenges with their timetables?"
"Label_3213296578310637908","Your email has been circulated among students who required urgent guidance."
"Label_8690269491316058283","Is it alright to distribute your contact to those who need academic help?"
"Label_3213296578310637908","I’ve relayed your email to friends who needed help with their schedules."
"Label_8690269491316058283","Can I share your contact with students who are seeking academic advice?"
"Label_3213296578310637908","Your email has been transmitted to peers who required assistance."
"Label_8690269491316058283","Is it fine to circulate your email to those who are struggling academically?"
"Label_3213296578310637908","I’ve conveyed your contact to classmates who needed urgent help."
"Label_8690269491316058283","May I distribute your email to friends who need academic guidance?"
"Label_3213296578310637908","Your email has been shared with students who are facing timetable conflicts."
"Label_8690269491316058283","Is it permissible to share your contact with those who require assistance?"
"Label_3213296578310637908","I’ve passed your email to some peers needing academic guidance."
"Label_8690269491316058283","May I distribute your email to classmates who need timetable assistance?"
"Label_3213296578310637908","I’ve disseminated your email to a few friends requiring help."
"Label_8690269491316058283","Can I circulate your email among students having scheduling conflicts?"
"Label_3213296578310637908","Your email has been forwarded to students who required urgent advice."
"Label_8690269491316058283","Is it alright to share your email with peers needing guidance?"
"Label_3213296578310637908","I’ve shared your contact with a group who needed academic assistance."
"Label_8690269491316058283","May I pass your email to friends who need timetable help?"
"Label_3213296578310637908","I’ve distributed your email to several students needing advice."
"Label_8690269491316058283","Is it fine to disseminate your email to those needing academic help?"
"Label_3213296578310637908","Your contact has been circulated among students requiring guidance."
"Label_8690269491316058283","Can I distribute your email to peers who have timetable clashes?"
"Label_3213296578310637908","I’ve spread your email among a group requiring academic advice."
"Label_8690269491316058283","Is it permissible to share your email with those having scheduling issues?"
"Label_3213296578310637908","I’ve passed on your email to friends who needed urgent guidance."
"Label_8690269491316058283","May I share your contact with classmates needing assistance?"
"Label_3213296578310637908","Your email has been shared with students who sought academic help."
"Label_8690269491316058283","Is it alright to circulate your email among those needing help?"
"Label_3213296578310637908","I’ve disseminated your contact to peers requiring timetable assistance."
"Label_8690269491316058283","Can I share your email with students who need academic guidance?"
